original_url,title,classification,new_target,redirect_priority,notes
https://www.favorintl.org,Home,rewrite,/,high,
https://www.favorintl.org/about,About,rewrite,/about/,high,
https://www.favorintl.org/about/directors,Our Directors,rewrite,/about/board/,high,
https://www.favorintl.org/about/documents,Pertinent Documents,rewrite,/about/accountability/,high,
https://www.favorintl.org/about/ecfa-accountability,ECFA & Accountability,rewrite,/about/accountability/,high,
https://www.favorintl.org/about/mission-vision,Vision,rewrite,/about/,high,
https://www.favorintl.org/about/our-story,Our Story,rewrite,/about/history/,high,
https://www.favorintl.org/about/our-story/founder,Founder Carole Ward,rewrite,/about/history/,high,
https://www.favorintl.org/about/our-story/where-we-work,Where We Work,rewrite,/impact/,high,
https://www.favorintl.org/about/statement-of-faith,Statement of Faith,rewrite,/about/,medium,
https://www.favorintl.org/books,books,rewrite,/shop/,medium,
https://www.favorintl.org/carts,Carts,rewrite,/shop/,medium,
https://www.favorintl.org/connect-support,Connect & Support,rewrite,/give/,high,
https://www.favorintl.org/connect-support/donate-now,Donate Now,rewrite,/give/,high,
https://www.favorintl.org/connect-support/positions,Positions,drop,/about/contact/,low,
https://www.favorintl.org/connect-support/refer-connections,Refer Connections,rewrite,/about/contact/,medium,
https://www.favorintl.org/connect-support/volunteer-or-intern,Volunteer or Intern,rewrite,/go/volunteer/,high,
https://www.favorintl.org/current-projects,Current Projects,rewrite,/give/specific-project/,high,
https://www.favorintl.org/current-projects/arabic-translated-bible-course-curriculum,Favor International,keep,/give/specific-project/arabic-bible-curriculum/,medium,
https://www.favorintl.org/current-projects/building-a-new-primary-school-in-gulu-uganda,Favor International,keep,/give/specific-project/gulu-primary-school/,medium,
https://www.favorintl.org/current-projects/gift-dormitory,Favor International,keep,/give/specific-project/gift-dormitory/,medium,
https://www.favorintl.org/current-projects/solar-power-for-two-radio-stations,Favor International,keep,/give/specific-project/solar-radio/,medium,
https://www.favorintl.org/intro-flyer,Intro Flyer,keep,/resources/,medium,
https://www.favorintl.org/newsletter-sign-up,Newsletter Sign Up,rewrite,/newsletter/,high,
https://www.favorintl.org/positions/country-director,Country Director,drop,/about/contact/,low,
https://www.favorintl.org/privacy,Privacy,keep,/legal/,high,
https://www.favorintl.org/testimonies-updates,Testimonies & Updates,rewrite,/impact/,high,
https://www.favorintl.org/testimonies-updates/impact-reports,Impact Reports,rewrite,/about/accountability/,high,
https://www.favorintl.org/testimonies-updates/impact-reports/2020-annual,Home,keep,/about/accountability/,medium,
https://www.favorintl.org/testimonies-updates/impact-reports/2021-annual,Home,keep,/about/accountability/,medium,
https://www.favorintl.org/testimonies-updates/impact-reports/2022-annual,Home,keep,/about/accountability/,medium,
https://www.favorintl.org/testimonies-updates/impact-reports/2022-q1,Home,keep,/about/accountability/,medium,
https://www.favorintl.org/testimonies-updates/impact-reports/2022-q2,Home,keep,/about/accountability/,medium,
https://www.favorintl.org/testimonies-updates/impact-reports/2022-q3,Home,keep,/about/accountability/,medium,
https://www.favorintl.org/testimonies-updates/impact-reports/2023-annual,Home,keep,/about/accountability/,medium,
https://www.favorintl.org/testimonies-updates/impact-reports/2023-q1,Home,keep,/about/accountability/,medium,
https://www.favorintl.org/testimonies-updates/impact-reports/2023-q2,Home,keep,/about/accountability/,medium,
https://www.favorintl.org/testimonies-updates/impact-reports/2023-q3,Home,keep,/about/accountability/,medium,
https://www.favorintl.org/testimonies-updates/impact-reports/2024-annual,Home,keep,/about/accountability/,medium,
https://www.favorintl.org/testimonies-updates/impact-reports/2024-q1,Home,keep,/about/accountability/,medium,
https://www.favorintl.org/testimonies-updates/impact-reports/2024-q2,Home,keep,/about/accountability/,medium,
https://www.favorintl.org/testimonies-updates/impact-reports/2024-q3,Home,keep,/about/accountability/,medium,
https://www.favorintl.org/testimonies-updates/impact-reports/2025-q1,Home,keep,/about/accountability/,medium,
https://www.favorintl.org/testimonies-updates/media,Media,keep,/stories/,medium,
https://www.favorintl.org/testimonies-updates/past-newsletters,Past Newsletters,rewrite,/newsletter/,high,
https://www.favorintl.org/testimonies-updates/stories-of-transformation,Stories of Transformation,rewrite,/stories/,high,
https://www.favorintl.org/testimonies-updates/tag-search,Search Stories by Tag,drop,/search/,low,
https://www.favorintl.org/thanksgiving,ThanksGIVING,drop,/,low,
https://www.favorintl.org/what-we-do,What We Do,rewrite,/impact/,high,
https://www.favorintl.org/what-we-do/community-development,Community Development,rewrite,/impact/[pillar-3]/,high,
https://www.favorintl.org/what-we-do/community-development/construction,Church Construction,rewrite,/impact/[pillar-3]/construction/,low,
https://www.favorintl.org/what-we-do/community-development/counseling,Trauma Counseling,rewrite,/impact/[pillar-3]/counseling/,medium,
https://www.favorintl.org/what-we-do/community-development/medical,Medical,rewrite,/impact/[pillar-3]/medical/,medium,
https://www.favorintl.org/what-we-do/community-development/planting,Church Planting,rewrite,/impact/[pillar-3]/church-planting/,medium,
https://www.favorintl.org/what-we-do/economic-empowerment,Economic Empowerment,rewrite,/impact/[pillar-4]/,high,
https://www.favorintl.org/what-we-do/economic-empowerment/sustainability,Sustainability Projects,rewrite,/impact/[pillar-4]/sustainability/,medium,
https://www.favorintl.org/what-we-do/economic-empowerment/vocation,Vocational Program,rewrite,/impact/[pillar-4]/vocation/,medium,
https://www.favorintl.org/what-we-do/economic-empowerment/women,Women Empowerment,rewrite,/impact/[pillar-4]/women/,medium,
https://www.favorintl.org/what-we-do/education,Education,rewrite,/impact/[pillar-2]/,high,
https://www.favorintl.org/what-we-do/education/centers,Village Learning Centers,rewrite,/impact/[pillar-2]/centers/,medium,
https://www.favorintl.org/what-we-do/education/leadership,Leadership Training Institute,rewrite,/impact/[pillar-2]/leadership/,medium,
https://www.favorintl.org/what-we-do/education/primary,Favour Primary School,rewrite,/impact/[pillar-2]/primary/,medium,
https://www.favorintl.org/what-we-do/education/secondary,Favour Secondary School,rewrite,/impact/[pillar-2]/secondary/,medium,
https://www.favorintl.org/what-we-do/evangelism-discipleship,Evangelism & Discipleship,rewrite,/impact/[pillar-1]/,high,
https://www.favorintl.org/what-we-do/evangelism-discipleship/gift,God's Institute for Transformation,rewrite,/impact/[pillar-1]/gift-institute/,high,
https://www.favorintl.org/what-we-do/evangelism-discipleship/pbs,Portable Bible Schools,rewrite,/impact/[pillar-1]/portable-bible-schools/,high,
https://www.favorintl.org/what-we-do/evangelism-discipleship/prayer,House of Prayer,rewrite,/pray/,high,
https://www.favorintl.org/what-we-do/evangelism-discipleship/radio,Christian Radio,rewrite,/impact/[pillar-1]/radio/,medium,
https://www.favorintl.org/bibletranslate2024,(existing 301 redirect),drop,https://host.nxt.blackbaud.com/donor-form?svcid=tcs&formId=b02f2a46-99df-4872-af50-693400eaed6c&envid=p-5_k5FlbubEyEQnUJw7C9Rw&zone=usa,medium,existing webflow 301; preserve target
https://www.favorintl.org/2023report,(existing 301 redirect),drop,httpshost.nxt.blackbaud.comdonor-formsvcid=tcs&formId=94554157-e75e-489d-a4eb-726df47a2a8d&envid=p-5_k5FlbubEyEQnUJw7C9Rw&zone=usa,medium,existing webflow 301; preserve target
https://www.favorintl.org/sandra,(existing 301 redirect),drop,https://host.nxt.blackbaud.com/donor-form?svcid=tcs&formId=122a7f5d-7d7d-4dd1-81af-981fbb97fdc2&envid=p-5_k5FlbubEyEQnUJw7C9Rw&zone=usa,medium,existing webflow 301; preserve target
https://www.favorintl.org/charles,(existing 301 redirect),drop,https://host.nxt.blackbaud.com/donor-form?svcid=tcs&formId=6b3c508d-b6bd-4769-be4b-69d017846ae7&envid=p-5_k5FlbubEyEQnUJw7C9Rw&zone=usa,medium,existing webflow 301; preserve target
https://www.favorintl.org/karamojahome,(existing 301 redirect),drop,https://host.nxt.blackbaud.com/donor-form?svcid=tcs&formId=40797ecd-a3f9-44c7-b92c-5bf210e5f639&envid=p-5_k5FlbubEyEQnUJw7C9Rw&zone=usa,medium,existing webflow 301; preserve target
https://www.favorintl.org/chad2024,(existing 301 redirect),drop,https://host.nxt.blackbaud.com/donor-form?svcid=tcs&formId=31bcf5b5-40aa-4ad6-a054-93c829fdbb55&envid=p-5_k5FlbubEyEQnUJw7C9Rw&zone=usa,medium,existing webflow 301; preserve target
https://www.favorintl.org/22reportonline,(existing 301 redirect),drop,https://host.nxt.blackbaud.com/donor-form?svcid=renxt&formId=49848def-618c-42c6-ad66-c3621d1da2f0&envid=p-5_k5FlbubEyEQnUJw7C9Rw&zone=usa,medium,existing webflow 301; preserve target
https://www.favorintl.org/mwaka,(existing 301 redirect),drop,https://host.nxt.blackbaud.com/donor-form?svcid=renxt&formId=eac1697b-0588-4f30-89f5-ff3277c07e0b&envid=p-5_k5FlbubEyEQnUJw7C9Rw&zone=usa,medium,existing webflow 301; preserve target
https://www.favorintl.org/q123give,(existing 301 redirect),drop,https://host.nxt.blackbaud.com/donor-form?svcid=renxt&formId=4123cf02-2279-4340-96aa-1e959a613420&envid=p-5_k5FlbubEyEQnUJw7C9Rw&zone=usa,medium,existing webflow 301; preserve target
https://www.favorintl.org/sep23webinar,(existing 301 redirect),drop,https://my.demio.com/ref/yQM51QPDfvQplasa,medium,existing webflow 301; preserve target
https://www.favorintl.org/caspio/testing-purposes,(existing 301 redirect),drop,[review] /caspio,medium,existing webflow 301; preserve target
https://www.favorintl.org/jameschan,(existing 301 redirect),drop,https://host.nxt.blackbaud.com/donor-form?svcid=renxt&formId=abeb83c5-2cfc-4216-aea6-019d40520c9c&envid=p-5_k5FlbubEyEQnUJw7C9Rw&zone=usa,medium,existing webflow 301; preserve target
https://www.favorintl.org/benson,(existing 301 redirect),drop,https://host.nxt.blackbaud.com/donor-form?svcid=renxt&formId=cdfe47cb-c966-47d5-b48b-00ec9e2f56ca&envid=p-5_k5FlbubEyEQnUJw7C9Rw&zone=usa,medium,existing webflow 301; preserve target
https://www.favorintl.org/give2023,(existing 301 redirect),drop,https://host.nxt.blackbaud.com/donor-form/?svcid=renxt&formId=b412f38c-ef31-4700-8cfd-221041cd3b3b&envid=p-5_k5FlbubEyEQnUJw7C9Rw&zone=usa,medium,existing webflow 301; preserve target
https://www.favorintl.org/akena,(existing 301 redirect),drop,https://host.nxt.blackbaud.com/donor-form?svcid=renxt&formId=5cc85a11-67bc-4759-8f18-a7f5f96243df&envid=p-5_k5FlbubEyEQnUJw7C9Rw&zone=usa,medium,existing webflow 301; preserve target
https://www.favorintl.org/ncfreep,(existing 301 redirect),drop,https://docs.google.com/presentation/d/e/2PACX-1vSB7jDZCyUvpYcZyuEa1wKgwPHLast22SJ4UQHP6PvnwwQODFEvrl-DajZlGrDl8w/pub?start=false&loop=false&delayms=3000&slide=id.p1,medium,existing webflow 301; preserve target
https://www.favorintl.org/ncfbook,(existing 301 redirect),drop,https://forms.gle/dXXhjGA8njnNTFpH8,medium,existing webflow 301; preserve target
https://www.favorintl.org/contact/donate-now,(existing 301 redirect),drop,[review] /connect-support/donate-now,medium,existing webflow 301; preserve target
https://www.favorintl.org/giftwebinar23,(existing 301 redirect),drop,https://host.nxt.blackbaud.com/donor-form?svcid=renxt&formId=fd89015f-c88e-49ad-8e95-48adea031386&envid=p-5_k5FlbubEyEQnUJw7C9Rw&zone=usa,medium,existing webflow 301; preserve target
https://www.favorintl.org/22donate,(existing 301 redirect),drop,https://host.nxt.blackbaud.com/donor-form?svcid=renxt&formId=87c5812d-f137-4a6f-bf78-24e55144a008&envid=p-5_k5FlbubEyEQnUJw7C9Rw&zone=usa,medium,existing webflow 301; preserve target
https://www.favorintl.org/charity,(existing 301 redirect),drop,https://host.nxt.blackbaud.com/donor-form?svcid=renxt&formId=e6dd859b-fcf4-4b09-8428-1c96b2b35462&envid=p-5_k5FlbubEyEQnUJw7C9Rw&zone=usa,medium,existing webflow 301; preserve target
https://www.favorintl.org/q123report,(existing 301 redirect),drop,https://host.nxt.blackbaud.com/donor-form?svcid=renxt&formId=4123cf02-2279-4340-96aa-1e959a613420&envid=p-5_k5FlbubEyEQnUJw7C9Rw&zone=usa,medium,existing webflow 301; preserve target
https://www.favorintl.org/atong,(existing 301 redirect),drop,https://host.nxt.blackbaud.com/donor-form?svcid=renxt&formId=0545c537-6fc0-452f-ae90-7690a8e2898e&envid=p-5_k5FlbubEyEQnUJw7C9Rw&zone=usa,medium,existing webflow 301; preserve target
https://www.favorintl.org/adube,(existing 301 redirect),drop,https://host.nxt.blackbaud.com/donor-form?svcid=renxt&formId=3fc8ac72-57f6-4360-bb81-7437b350d7ec&envid=p-5_k5FlbubEyEQnUJw7C9Rw&zone=usa,medium,existing webflow 301; preserve target
https://www.favorintl.org/daniel,(existing 301 redirect),drop,https://host.nxt.blackbaud.com/donor-form?svcid=renxt&formId=f0410555-9209-410e-85f9-baf3a162afa4&envid=p-5_k5FlbubEyEQnUJw7C9Rw&zone=usa,medium,existing webflow 301; preserve target
https://www.favorintl.org/book2023,(existing 301 redirect),drop,https://host.nxt.blackbaud.com/donor-form?svcid=renxt&formId=a088fd85-08bd-4dc8-be69-d8c63e39ab39&envid=p-5_k5FlbubEyEQnUJw7C9Rw&zone=usa,medium,existing webflow 301; preserve target
https://www.favorintl.org/kb2023,(existing 301 redirect),drop,https://host.nxt.blackbaud.com/donor-form?svcid=renxt&formId=62df8034-0c36-4671-8d10-ff65634fe269&envid=p-5_k5FlbubEyEQnUJw7C9Rw&zone=usa,medium,existing webflow 301; preserve target
https://www.favorintl.org/q223give,(existing 301 redirect),drop,https://host.nxt.blackbaud.com/donor-form?svcid=renxt&formId=4bccc480-8970-4fcf-8f7f-ab4ee3b3d1c9&envid=p-5_k5FlbubEyEQnUJw7C9Rw&zone=usa,medium,existing webflow 301; preserve target
https://www.favorintl.org/sb2023,(existing 301 redirect),drop,https://host.nxt.blackbaud.com/donor-form?svcid=renxt&formId=5912f8be-1bbd-4c1a-8c10-b896b8d65026&envid=p-5_k5FlbubEyEQnUJw7C9Rw&zone=usa,medium,existing webflow 301; preserve target
https://www.favorintl.org/andrew,(existing 301 redirect),drop,https://host.nxt.blackbaud.com/donor-form?svcid=renxt&formId=e9094980-272a-4fcc-819b-39a2c98104dd&envid=p-5_k5FlbubEyEQnUJw7C9Rw&zone=usa,medium,existing webflow 301; preserve target
https://www.favorintl.org/alfred,(existing 301 redirect),drop,https://host.nxt.blackbaud.com/donor-form?svcid=renxt&formId=e174f9c9-59b7-4ecd-8d98-6bc53687481e&envid=p-5_k5FlbubEyEQnUJw7C9Rw&zone=usa,medium,existing webflow 301; preserve target
https://www.favorintl.org/dm2023,(existing 301 redirect),drop,https://host.nxt.blackbaud.com/donor-form?svcid=renxt&formId=a98d498a-cdde-4613-b5e5-46650e2e9bfa&envid=p-5_k5FlbubEyEQnUJw7C9Rw&zone=usa,medium,existing webflow 301; preserve target
https://www.favorintl.org/urgent,(existing 301 redirect),drop,https://host.nxt.blackbaud.com/donor-form?svcid=renxt&formId=ba3ba6ec-94e1-47e7-80bd-51e79375923a&envid=p-5_k5FlbubEyEQnUJw7C9Rw&zone=usa,medium,existing webflow 301; preserve target
https://www.favorintl.org/lt2023,(existing 301 redirect),drop,https://host.nxt.blackbaud.com/donor-form?svcid=renxt&formId=3f5bca6c-418e-4591-8f1f-6d5139b77394&envid=p-5_k5FlbubEyEQnUJw7C9Rw&zone=usa,medium,existing webflow 301; preserve target
https://www.favorintl.org/ki2023,(existing 301 redirect),drop,https://host.nxt.blackbaud.com/donor-form?svcid=renxt&formId=5e75980a-3c17-4fb5-8d0c-74e9b8d513d2&envid=p-5_k5FlbubEyEQnUJw7C9Rw&zone=usa,medium,existing webflow 301; preserve target
https://www.favorintl.org/shoppingcarts23,(existing 301 redirect),drop,https://host.nxt.blackbaud.com/donor-form?svcid=renxt&formId=d16dd1da-388e-43d2-aca5-6ace0e4c9661&envid=p-5_k5FlbubEyEQnUJw7C9Rw&zone=usa,medium,existing webflow 301; preserve target
https://www.favorintl.org/churchgive23,(existing 301 redirect),drop,https://host.nxt.blackbaud.com/donor-form?svcid=renxt&formId=afe13623-7d18-4846-9835-ccec8ddacc8f&envid=p-5_k5FlbubEyEQnUJw7C9Rw&zone=usa,medium,existing webflow 301; preserve target
https://www.favorintl.org/dr2023,(existing 301 redirect),drop,https://host.nxt.blackbaud.com/donor-form?svcid=renxt&formId=7aa56b3d-3b36-435f-9955-1b5bb8650a61&envid=p-5_k5FlbubEyEQnUJw7C9Rw&zone=usa,medium,existing webflow 301; preserve target
https://www.favorintl.org/shoppingcart23,(existing 301 redirect),drop,https://host.nxt.blackbaud.com/donor-form?svcid=renxt&formId=d16dd1da-388e-43d2-aca5-6ace0e4c9661&envid=p-5_k5FlbubEyEQnUJw7C9Rw&zone=usa,medium,existing webflow 301; preserve target
https://www.favorintl.org/freedom2023,(existing 301 redirect),drop,https://www.givsum.com/opportunities/favor-freedom-evening-5a9cfeeef,medium,existing webflow 301; preserve target
https://www.favorintl.org/mp2023,(existing 301 redirect),drop,https://host.nxt.blackbaud.com/donor-form?svcid=renxt&formId=9e75daec-5b82-4574-ba24-8099e82b354a&envid=p-5_k5FlbubEyEQnUJw7C9Rw&zone=usa,medium,existing webflow 301; preserve target
https://www.favorintl.org/jh2023,(existing 301 redirect),drop,https://host.nxt.blackbaud.com/donor-form?svcid=renxt&formId=7fecc1b3-9f7f-48a1-86e2-cb8146efdabc&envid=p-5_k5FlbubEyEQnUJw7C9Rw&zone=usa,medium,existing webflow 301; preserve target
https://www.favorintl.org/ssgirlsland,(existing 301 redirect),drop,https://host.nxt.blackbaud.com/donor-form?svcid=renxt&formId=7d5e9a8f-95c0-4291-bca2-f1dbdd1dcab2&envid=p-5_k5FlbubEyEQnUJw7C9Rw&zone=usa,medium,existing webflow 301; preserve target
https://www.favorintl.org/favorcornhole,(existing 301 redirect),drop,https://host.nxt.blackbaud.com/donor-form?svcid=renxt&formId=f02c2ccf-9305-4ca6-ad5c-61ea7eb1597a&envid=p-5_k5FlbubEyEQnUJw7C9Rw&zone=usa,medium,existing webflow 301; preserve target
https://www.favorintl.org/k23a-rl,(existing 301 redirect),drop,https://host.nxt.blackbaud.com/donor-form?svcid=renxt&formId=34d661c4-48d9-4095-b4b6-89a57253e951&envid=p-5_k5FlbubEyEQnUJw7C9Rw&zone=usa,medium,existing webflow 301; preserve target
https://www.favorintl.org/angela,(existing 301 redirect),drop,https://host.nxt.blackbaud.com/donor-form?svcid=renxt&formId=11a55587-7154-4144-a3a7-437456c9b282&envid=p-5_k5FlbubEyEQnUJw7C9Rw&zone=usa,medium,existing webflow 301; preserve target
https://www.favorintl.org/kingdom-is-here,(existing 301 redirect),drop,[review] /testimonies-updates,medium,existing webflow 301; preserve target
https://www.favorintl.org/dm2022-s22,(existing 301 redirect),drop,https://host.nxt.blackbaud.com/donor-form?svcid=renxt&formId=4d02a69d-df2e-4886-8a0e-b9a840e6b674&envid=p-5_k5FlbubEyEQnUJw7C9Rw&zone=usa,medium,existing webflow 301; preserve target
https://www.favorintl.org/what-we-do/prayer-evangelism/outreach-crusades,(existing 301 redirect),drop,[review] /what-we-do/evangelism-discipleship/prayer,medium,existing webflow 301; preserve target
https://www.favorintl.org/q22aqua3,(existing 301 redirect),drop,https://host.nxt.blackbaud.com/donor-form?svcid=renxt&formId=7ffbbe76-30f2-46b1-a839-1417ebb1db5f&envid=p-5_k5FlbubEyEQnUJw7C9Rw&zone=usa,medium,existing webflow 301; preserve target
https://www.favorintl.org/what-we-do/education-discipleship/radio-ministries,(existing 301 redirect),drop,[review] /what-we-do/evangelism-discipleship/radio,medium,existing webflow 301; preserve target
https://www.favorintl.org/kingdom-is-here/past-newsletters,(existing 301 redirect),drop,[review] /testimonies-updates/past-newsletters,medium,existing webflow 301; preserve target
https://www.favorintl.org/what-we-do/education-discipleship,(existing 301 redirect),drop,[review] /what-we-do/education,medium,existing webflow 301; preserve target
https://www.favorintl.org/what-we-do/education-discipleship/leadership-training-institute,(existing 301 redirect),drop,[review] /what-we-do/education/leadership,medium,existing webflow 301; preserve target
https://www.favorintl.org/what-we-do/education-discipleship/favour-primary-school,(existing 301 redirect),drop,[review] /what-we-do/education/primary,medium,existing webflow 301; preserve target
https://www.favorintl.org/what-we-do/economic-empowerment/retail-service-business-projects,(existing 301 redirect),drop,[review] /what-we-do/economic-empowerment/sustainability,medium,existing webflow 301; preserve target
https://www.favorintl.org/dorcus,(existing 301 redirect),drop,https://host.nxt.blackbaud.com/donor-form?svcid=renxt&formId=b4c7c076-c6a8-4f09-98c3-7f44fcd9a539&envid=p-5_k5FlbubEyEQnUJw7C9Rw&zone=usa,medium,existing webflow 301; preserve target
https://www.favorintl.org/thon,(existing 301 redirect),drop,https://host.nxt.blackbaud.com/donor-form?svcid=renxt&formId=b134f62f-7249-4b79-9fa8-810781818e83&envid=p-5_k5FlbubEyEQnUJw7C9Rw&zone=usa,medium,existing webflow 301; preserve target
https://www.favorintl.org/what-we-do/prayer-evangelism/prayer-mobilization,(existing 301 redirect),drop,[review] /what-we-do/evangelism-discipleship/prayer,medium,existing webflow 301; preserve target
https://www.favorintl.org/donateaugust,(existing 301 redirect),drop,https://host.nxt.blackbaud.com/donor-form?svcid=renxt&formId=64c44d22-ea5f-479b-8d5a-5a000b6c5594&envid=p-5_k5FlbubEyEQnUJw7C9Rw&zone=usa,medium,existing webflow 301; preserve target
https://www.favorintl.org/what-we-do/education-discipleship/bible-distribution,(existing 301 redirect),drop,[review] /what-we-do/evangelism-discipleship,medium,existing webflow 301; preserve target
https://www.favorintl.org/q3give,(existing 301 redirect),drop,https://host.nxt.blackbaud.com/donor-form?svcid=renxt&formId=716a8cd6-373b-48ae-a793-ca9115c53335&envid=p-5_k5FlbubEyEQnUJw7C9Rw&zone=usa,medium,existing webflow 301; preserve target
https://www.favorintl.org/what-we-do/education-discipleship/gods-institute-for-transformation,(existing 301 redirect),drop,[review] /what-we-do/evangelism-discipleship/gift,medium,existing webflow 301; preserve target
https://www.favorintl.org/what-we-do/prayer-evangelism/houses-of-prayer,(existing 301 redirect),drop,[review] /what-we-do/evangelism-discipleship/prayer,medium,existing webflow 301; preserve target
https://www.favorintl.org/about/media,(existing 301 redirect),drop,[review] /testimonies-updates/media,medium,existing webflow 301; preserve target
https://www.favorintl.org/what-we-do/prayer-evangelism,(existing 301 redirect),drop,[review] /what-we-do/evangelism-discipleship,medium,existing webflow 301; preserve target
https://www.favorintl.org/what-we-do/economic-empowerment/agricultural-business-projects,(existing 301 redirect),drop,[review] /what-we-do/economic-empowerment/vocation,medium,existing webflow 301; preserve target
https://www.favorintl.org/positions,(existing 301 redirect),drop,[review] /connect-support/positions,medium,existing webflow 301; preserve target
https://www.favorintl.org/freedom23auction,(existing 301 redirect),drop,https://www.givsum.com/opportunities/favor-freedom-evening-5a9cfeeef/auction,medium,existing webflow 301; preserve target
https://www.favorintl.org/what-we-do/community-development/trauma-counseling,(existing 301 redirect),drop,[review] /what-we-do/community-development/counseling,medium,existing webflow 301; preserve target
https://www.favorintl.org/christmasgive23,(existing 301 redirect),drop,https://host.nxt.blackbaud.com/donor-form?svcid=renxt&formId=ac7f0426-01d1-4a3a-85b3-b45c7b2fb99c&envid=p-5_k5FlbubEyEQnUJw7C9Rw&zone=usa,medium,existing webflow 301; preserve target
https://www.favorintl.org/kingdom-is-here/community-development-reports/women-empowerment,(existing 301 redirect),drop,[review] /testimonies-updates/stories-of-transformation?women,medium,existing webflow 301; preserve target
https://www.favorintl.org/kingdom-is-here/community-development-reports/church-planting,(existing 301 redirect),drop,[review] /testimonies-updates/stories-of-transformation?planting,medium,existing webflow 301; preserve target
https://www.favorintl.org/contact-support,(existing 301 redirect),drop,[review] /connect-support,medium,existing webflow 301; preserve target
https://www.favorintl.org/christmas23,(existing 301 redirect),drop,https://host.nxt.blackbaud.com/donor-form?svcid=renxt&formId=95a6fdf6-f0b1-4a2c-93a7-a9087557458c&envid=p-5_k5FlbubEyEQnUJw7C9Rw&zone=usa,medium,existing webflow 301; preserve target
https://www.favorintl.org/komakech,(existing 301 redirect),drop,https://host.nxt.blackbaud.com/donor-form?svcid=renxt&formId=776ae4cc-9959-4b7f-889f-6803efa11e9d&envid=p-5_k5FlbubEyEQnUJw7C9Rw&zone=usa,medium,existing webflow 301; preserve target
https://www.favorintl.org/about/vision,(existing 301 redirect),drop,[review] /about/mission-vision,medium,existing webflow 301; preserve target
https://www.favorintl.org/what-we-do/community-development/women-empowerment,(existing 301 redirect),drop,[review] /what-we-do/economic-empowerment/women,medium,existing webflow 301; preserve target
https://www.favorintl.org/kingdom-is-here/community-development-reports/church-construction,(existing 301 redirect),drop,[review] /testimonies-updates/stories-of-transformation?construction,medium,existing webflow 301; preserve target
https://www.favorintl.org/kingdom-is-here/community-development-reports/portable-bible-schools,(existing 301 redirect),drop,[review] /testimonies-updates/stories-of-transformation?pbs,medium,existing webflow 301; preserve target
https://www.favorintl.org/donate,(existing 301 redirect),drop,[review] /connect-support/donate-now,medium,existing webflow 301; preserve target
https://www.favorintl.org/what-we-do/community-development/church-construction,(existing 301 redirect),drop,[review] /what-we-do/community-development/construction,medium,existing webflow 301; preserve target
https://www.favorintl.org/what-we-do/community-development/portable-bible-schools,(existing 301 redirect),drop,[review] /what-we-do/evangelism-discipleship/pbs,medium,existing webflow 301; preserve target
https://www.favorintl.org/yearend,(existing 301 redirect),drop,https://host.nxt.blackbaud.com/donor-form?svcid=renxt&formId=df9f2e1f-ae25-4da0-adcc-62da3f85e966&envid=p-5_k5FlbubEyEQnUJw7C9Rw&zone=usa,medium,existing webflow 301; preserve target
https://www.favorintl.org/what-we-do/community-development/church-planting,(existing 301 redirect),drop,[review] /what-we-do/community-development/planting,medium,existing webflow 301; preserve target
https://www.favorintl.org/kingdom-is-here/community-development-reports/trauma-counseling,(existing 301 redirect),drop,[review] /testimonies-updates/stories-of-transformation?counseling,medium,existing webflow 301; preserve target
https://www.favorintl.org/contact,(existing 301 redirect),drop,[review] /connect-support,medium,existing webflow 301; preserve target
https://www.favorintl.org/giftss,(existing 301 redirect),drop,https://host.nxt.blackbaud.com/donor-form?svcid=renxt&formId=34c75a24-e349-445d-bc4a-8d89922c3225&envid=p-5_k5FlbubEyEQnUJw7C9Rw&zone=usa,medium,existing webflow 301; preserve target
https://www.favorintl.org/robert,(existing 301 redirect),drop,https://host.nxt.blackbaud.com/donor-form?svcid=renxt&formId=86fec466-723f-4eb1-a0a3-e9eb55451a39&envid=p-5_k5FlbubEyEQnUJw7C9Rw&zone=usa,medium,existing webflow 301; preserve target
https://www.favorintl.org/kingdom-is-here/report-topic,(existing 301 redirect),drop,[review] /testimonies-updates/tag-search,medium,existing webflow 301; preserve target
https://www.favorintl.org/visionsupport2024,(existing 301 redirect),drop,https://host.nxt.blackbaud.com/donor-form?svcid=renxt&formId=400a87bf-be6f-4c32-87fe-10830ce266c8&envid=p-5_k5FlbubEyEQnUJw7C9Rw&zone=usa,medium,existing webflow 301; preserve target
https://www.favorintl.org/latjor,(existing 301 redirect),drop,https://host.nxt.blackbaud.com/donor-form?svcid=tcs&formId=157991e0-5bd1-4797-b7b6-785117c15efd&envid=p-5_k5FlbubEyEQnUJw7C9Rw&zone=usa,medium,existing webflow 301; preserve target
https://www.favorintl.org/kingdom-is-here/prayer-evangelism-reports/outreach-crusades,(existing 301 redirect),drop,[review] /testimonies-updates/stories-of-transformation?prayer,medium,existing webflow 301; preserve target
https://www.favorintl.org/kingdom-is-here/prayer-evangelism-reports/prayer-mobilization,(existing 301 redirect),drop,[review] /testimonies-updates/stories-of-transformation?prayer,medium,existing webflow 301; preserve target
https://www.favorintl.org/kingdom-is-here/economic-empowerment-reports/agricultural-business-projects,(existing 301 redirect),drop,[review] /testimonies-updates/stories-of-transformation?sustainability,medium,existing webflow 301; preserve target
https://www.favorintl.org/soccer,(existing 301 redirect),drop,https://host.nxt.blackbaud.com/donor-form?svcid=renxt&formId=33426de0-011b-479c-b63a-c16dc055b5a4&envid=p-5_k5FlbubEyEQnUJw7C9Rw&zone=usa,medium,existing webflow 301; preserve target
https://www.favorintl.org/kingdom-is-here/prayer-evangelism-reports/houses-of-prayer,(existing 301 redirect),drop,[review] /testimonies-updates/stories-of-transformation?prayer,medium,existing webflow 301; preserve target
https://www.favorintl.org/book2024,(existing 301 redirect),drop,https://host.nxt.blackbaud.com/donor-form/?svcid=renxt&formId=a088fd85-08bd-4dc8-be69-d8c63e39ab39&envid=p-5_k5FlbubEyEQnUJw7C9Rw&zone=usa,medium,existing webflow 301; preserve target
https://www.favorintl.org/kingdom-is-here/economic-empowerment-reports/retail-service-business-projects,(existing 301 redirect),drop,[review] /testimonies-updates/stories-of-transformation?vocation,medium,existing webflow 301; preserve target
https://www.favorintl.org/ar23give,(existing 301 redirect),drop,https://host.nxt.blackbaud.com/donor-form?svcid=renxt&formId=5c3002b9-3388-467e-9e17-12525749e8dc&envid=p-5_k5FlbubEyEQnUJw7C9Rw&zone=usa,medium,existing webflow 301; preserve target
https://www.favorintl.org/kingdom-is-here/education-discipleship-reports/favour-primary-school,(existing 301 redirect),drop,[review] /testimonies-updates/stories-of-transformation?primary,medium,existing webflow 301; preserve target
https://www.favorintl.org/kingdom-is-here/education-discipleship-reports/gods-institute-of-transformation,(existing 301 redirect),drop,[review] /testimonies-updates/stories-of-transformation?gift,medium,existing webflow 301; preserve target
https://www.favorintl.org/tr2023,(existing 301 redirect),drop,https://host.nxt.blackbaud.com/donor-form?svcid=tcs&formId=6a6bf414-b8ab-4831-a2df-4d6a0b85a190&envid=p-5_k5FlbubEyEQnUJw7C9Rw&zone=usa,medium,existing webflow 301; preserve target
https://www.favorintl.org/ty241,(existing 301 redirect),drop,https://host.nxt.blackbaud.com/donor-form?svcid=tcs&formId=5b52339d-fec9-4e44-b468-7f6557fa7455&envid=p-5_k5FlbubEyEQnUJw7C9Rw&zone=usa,medium,existing webflow 301; preserve target
https://www.favorintl.org/kingdom-is-here/education-discipleship-reports/leadership-training-institute,(existing 301 redirect),drop,[review] /testimonies-updates/stories-of-transformation?leadership,medium,existing webflow 301; preserve target
https://www.favorintl.org/kingdom-is-here/education-discipleship-reports/radio-ministries,(existing 301 redirect),drop,[review] /testimonies-updates/stories-of-transformation?radio,medium,existing webflow 301; preserve target
https://www.favorintl.org/soccer2024,(existing 301 redirect),drop,https://host.nxt.blackbaud.com/donor-form?svcid=tcs&formId=89544cbe-4e96-4137-b173-96eba665468e&envid=p-5_k5FlbubEyEQnUJw7C9Rw&zone=usa,medium,existing webflow 301; preserve target
https://www.favorintl.org/sendus2024,(existing 301 redirect),drop,https://host.nxt.blackbaud.com/donor-form?svcid=tcs&formId=8e3ddb75-cf42-46a4-a3c9-1fe490bcad31&envid=p-5_k5FlbubEyEQnUJw7C9Rw&zone=usa,medium,existing webflow 301; preserve target
https://www.favorintl.org/monica,(existing 301 redirect),drop,https://host.nxt.blackbaud.com/donor-form?svcid=tcs&formId=4fd1b6cb-9871-4ad7-8223-5c65b944d4c7&envid=p-5_k5FlbubEyEQnUJw7C9Rw&zone=usa,medium,existing webflow 301; preserve target
https://www.favorintl.org/q124report,(existing 301 redirect),drop,https://host.nxt.blackbaud.com/donor-form?svcid=tcs&formId=bf258bf9-a0e4-4f6d-980d-4439dc9bf97f&envid=p-5_k5FlbubEyEQnUJw7C9Rw&zone=usa,medium,existing webflow 301; preserve target
https://www.favorintl.org/richard,(existing 301 redirect),drop,https://host.nxt.blackbaud.com/donor-form?svcid=tcs&formId=df6ac9c5-fa40-4018-8e40-860fe5b97c6b&envid=p-5_k5FlbubEyEQnUJw7C9Rw&zone=usa,medium,existing webflow 301; preserve target
https://www.favorintl.org/chadlaunch,(existing 301 redirect),drop,https://host.nxt.blackbaud.com/donor-form?svcid=tcs&formId=5d5dfdfa-4db0-40b1-a472-00eb0559464b&envid=p-5_k5FlbubEyEQnUJw7C9Rw&zone=usa,medium,existing webflow 301; preserve target
https://www.favorintl.org/zoom,(existing 301 redirect),drop,https://host.nxt.blackbaud.com/donor-form?svcid=tcs&formId=5ecfcc0a-d1a9-4ba7-b2c4-07d74e3282d8&envid=p-5_k5FlbubEyEQnUJw7C9Rw&zone=usa,medium,existing webflow 301; preserve target
https://www.favorintl.org/pithum,(existing 301 redirect),drop,https://host.nxt.blackbaud.com/donor-form?svcid=tcs&formId=22080e28-1b1a-4863-b37a-f689838ef022&envid=p-5_k5FlbubEyEQnUJw7C9Rw&zone=usa,medium,existing webflow 301; preserve target
https://www.favorintl.org/about/our%-team/(.*),(existing 301 redirect),drop,[review] /about/directors,medium,existing webflow 301; preserve target
https://www.favorintl.org/about/board,(existing 301 redirect),drop,[review] /about/directors,medium,existing webflow 301; preserve target
https://www.favorintl.org/kingdom%-is%-here/(.*),(existing 301 redirect),drop,[review] /testimonies%-updates/stories%-of%-transformation,medium,existing webflow 301; preserve target
https://www.favorintl.org/nations2024,(existing 301 redirect),drop,https://drive.google.com/file/d/1aK24YhXaGgr5x9DK8gZ3YUimn1pesBvm/view,medium,existing webflow 301; preserve target
https://www.favorintl.org/about/foundational-principles,(existing 301 redirect),drop,[review] /abt/foundational-principles,medium,existing webflow 301; preserve target
https://www.favorintl.org/rwotomiya,(existing 301 redirect),drop,https://host.nxt.blackbaud.com/donor-form?svcid=tcs&formId=007f9b0a-b59d-4011-af6e-2981defc69c3&envid=p-5_k5FlbubEyEQnUJw7C9Rw&zone=usa,medium,existing webflow 301; preserve target
https://www.favorintl.org/testimonies%-updates/stories%-of%-transformation/(.*),(existing 301 redirect),drop,[review] /testimonies%-updates/transformation%-stories/%1,medium,existing webflow 301; preserve target
https://www.favorintl.org/about/directors/(.*),(existing 301 redirect),drop,[review] /directors/%1,medium,existing webflow 301; preserve target
https://www.favorintl.org/connect%-support/positions/(.*),(existing 301 redirect),drop,[review] /positions/%1,medium,existing webflow 301; preserve target
https://www.favorintl.org/streetkids,(existing 301 redirect),drop,https://host.nxt.blackbaud.com/donor-form?svcid=tcs&formId=0a11b77d-5edb-44c4-badb-cc47c802b77d&envid=p-5_k5FlbubEyEQnUJw7C9Rw&zone=usa,medium,existing webflow 301; preserve target
https://www.favorintl.org/pbs2024,(existing 301 redirect),drop,https://host.nxt.blackbaud.com/donor-form?svcid=tcs&formId=a292aef9-75ea-436e-b922-04ac1871632e&envid=p-5_k5FlbubEyEQnUJw7C9Rw&zone=usa,medium,existing webflow 301; preserve target
https://www.favorintl.org/david,(existing 301 redirect),drop,https://host.nxt.blackbaud.com/donor-form?svcid=tcs&formId=4c3305f1-48b0-4876-ab34-15efeefa094b&envid=p-5_k5FlbubEyEQnUJw7C9Rw&zone=usa,medium,existing webflow 301; preserve target
https://www.favorintl.org/okeyo,(existing 301 redirect),drop,https://host.nxt.blackbaud.com/donor-form?svcid=tcs&formId=b74816c5-39c3-4e3c-8650-77231d4150d6&envid=p-5_k5FlbubEyEQnUJw7C9Rw&zone=usa,medium,existing webflow 301; preserve target
https://www.favorintl.org/sendme,(existing 301 redirect),drop,https://host.nxt.blackbaud.com/donor-form?svcid=tcs&formId=454d72a4-6a28-4152-96e4-167cd883f929&envid=p-5_k5FlbubEyEQnUJw7C9Rw&zone=usa,medium,existing webflow 301; preserve target
https://www.favorintl.org/welcome,(existing 301 redirect),drop,https://host.nxt.blackbaud.com/donor-form?svcid=tcs&formId=b659e7c0-a4c7-4bfe-8b88-cfc3a3185537&envid=p-5_k5FlbubEyEQnUJw7C9Rw&zone=usa,medium,existing webflow 301; preserve target
https://www.favorintl.org/jacky,(existing 301 redirect),drop,https://host.nxt.blackbaud.com/donor-form?svcid=tcs&formId=70cbc76a-fac8-4019-831f-1f1b38f5d6d0&envid=p-5_k5FlbubEyEQnUJw7C9Rw&zone=usa,medium,existing webflow 301; preserve target
https://www.favorintl.org/welcome2024,(existing 301 redirect),drop,https://host.nxt.blackbaud.com/donor-form?svcid=tcs&formId=fbe32c15-d2a7-448e-8581-44115d5760df&envid=p-5_k5FlbubEyEQnUJw7C9Rw&zone=usa,medium,existing webflow 301; preserve target
https://www.favorintl.org/victor,(existing 301 redirect),drop,https://host.nxt.blackbaud.com/donor-form?svcid=tcs&formId=4ec5d39a-0815-4bf8-b89c-30764756f1a1&envid=p-5_k5FlbubEyEQnUJw7C9Rw&zone=usa,medium,existing webflow 301; preserve target
https://www.favorintl.org/q324report,(existing 301 redirect),drop,https://host.nxt.blackbaud.com/donor-form?svcid=tcs&formId=22c37e13-daf8-4d0e-8919-7c4e60589d6e&envid=p-5_k5FlbubEyEQnUJw7C9Rw&zone=usa,medium,existing webflow 301; preserve target
https://www.favorintl.org/book2025,(existing 301 redirect),drop,https://host.nxt.blackbaud.com/donor-form?svcid=tcs&formId=bb469e25-13d3-468e-ae35-5485e7704da9&envid=p-5_k5FlbubEyEQnUJw7C9Rw&zone=usa,medium,existing webflow 301; preserve target
https://www.favorintl.org/giving-tuesday,(existing 301 redirect),drop,[review] /thanksgiving,medium,existing webflow 301; preserve target
https://www.favorintl.org/amina,(existing 301 redirect),drop,https://host.nxt.blackbaud.com/donor-form?svcid=tcs&formId=367bf163-dceb-400c-b30d-3db53038d7c8&envid=p-5_k5FlbubEyEQnUJw7C9Rw&zone=usa,medium,existing webflow 301; preserve target
https://www.favorintl.org/anima,(existing 301 redirect),drop,https://host.nxt.blackbaud.com/donor-form?svcid=tcs&formId=367bf163-dceb-400c-b30d-3db53038d7c8&envid=p-5_k5FlbubEyEQnUJw7C9Rw&zone=usa,medium,existing webflow 301; preserve target
https://www.favorintl.org/shoppingcart2024,(existing 301 redirect),drop,https://host.nxt.blackbaud.com/donor-form?svcid=tcs&formId=3d2f81d8-8e84-41c4-9d0f-9a46b0cdc9d4&envid=p-5_k5FlbubEyEQnUJw7C9Rw&zone=usa,medium,existing webflow 301; preserve target
https://www.favorintl.org/5yearplan2025,(existing 301 redirect),drop,https://host.nxt.blackbaud.com/donor-form?svcid=tcs&formId=673cf511-994a-4757-9046-aa25d1759e17&envid=p-5_k5FlbubEyEQnUJw7C9Rw&zone=usa,medium,existing webflow 301; preserve target
https://www.favorintl.org/women2025,(existing 301 redirect),drop,https://host.nxt.blackbaud.com/donor-form?svcid=tcs&formId=993ef449-1540-4711-a48a-29e71cc85fcc&envid=p-5_k5FlbubEyEQnUJw7C9Rw&zone=usa,medium,existing webflow 301; preserve target
https://www.favorintl.org/2024report,(existing 301 redirect),drop,https://host.nxt.blackbaud.com/donor-form?svcid=tcs&formId=adc4690a-4ebc-4299-9e46-09ff24ee0196&envid=p-5_k5FlbubEyEQnUJw7C9Rw&zone=usa,medium,existing webflow 301; preserve target
https://www.favorintl.org/vlc2025,(existing 301 redirect),drop,https://host.nxt.blackbaud.com/donor-form?svcid=tcs&formId=3fedfdec-58ec-4df4-aba0-54436e213a69&envid=p-5_k5FlbubEyEQnUJw7C9Rw&zone=usa,medium,existing webflow 301; preserve target
https://www.favorintl.org/highschool,(existing 301 redirect),drop,https://host.nxt.blackbaud.com/donor-form?svcid=tcs&formId=742dfad8-f1bf-40a6-a98f-039dd5284f42&envid=p-5_k5FlbubEyEQnUJw7C9Rw&zone=usa,medium,existing webflow 301; preserve target
https://www.favorintl.org/chadradio,(existing 301 redirect),drop,https://host.nxt.blackbaud.com/donor-form?svcid=tcs&formId=07ef1f96-0da5-40e6-bdae-9e02b139f84c&envid=p-5_k5FlbubEyEQnUJw7C9Rw&zone=usa,medium,existing webflow 301; preserve target
https://www.favorintl.org/pbs2025,(existing 301 redirect),drop,https://host.nxt.blackbaud.com/donor-form?svcid=tcs&formId=a69b7f41-e143-4114-8ed7-7810ae911860&envid=p-5_k5FlbubEyEQnUJw7C9Rw&zone=usa,medium,existing webflow 301; preserve target
https://www.favorintl.org/ggss2025,(existing 301 redirect),drop,https://host.nxt.blackbaud.com/donor-form?svcid=tcs&formId=03356a3e-91bb-42d8-b78f-50bfd3432a24&envid=p-5_k5FlbubEyEQnUJw7C9Rw&zone=usa,medium,existing webflow 301; preserve target
https://www.favorintl.org/otim,(existing 301 redirect),drop,https://host.nxt.blackbaud.com/donor-form?svcid=tcs&formId=54164023-f515-4385-a38e-ee704c6842f3&envid=p-5_k5FlbubEyEQnUJw7C9Rw&zone=usa,medium,existing webflow 301; preserve target
https://www.favorintl.org/bibles2025,(existing 301 redirect),drop,https://host.nxt.blackbaud.com/donor-form?svcid=tcs&formId=2241e003-236b-4dd9-9988-49a04dcff315&envid=p-5_k5FlbubEyEQnUJw7C9Rw&zone=usa,medium,existing webflow 301; preserve target
https://www.favorintl.org/faith,(existing 301 redirect),drop,https://host.nxt.blackbaud.com/donor-form?svcid=tcs&formId=b1f98cd6-a015-4beb-b3f6-b8851562b3b9&envid=p-5_k5FlbubEyEQnUJw7C9Rw&zone=usa,medium,existing webflow 301; preserve target
https://www.favorintl.org/kickoff2025,(existing 301 redirect),drop,https://host.nxt.blackbaud.com/donor-form?svcid=tcs&formId=b1f98cd6-a015-4beb-b3f6-b8851562b3b9&envid=p-5_k5FlbubEyEQnUJw7C9Rw&zone=usa,medium,existing webflow 301; preserve target
https://www.favorintl.org/rajad,(existing 301 redirect),drop,https://host.nxt.blackbaud.com/donor-form?svcid=tcs&formId=2536a797-909a-4c09-8176-3c145d4304ec&envid=p-5_k5FlbubEyEQnUJw7C9Rw&zone=usa,medium,existing webflow 301; preserve target
https://www.favorintl.org/rajab,(existing 301 redirect),drop,https://host.nxt.blackbaud.com/donor-form/?svcid=tcs&formId=2536a797-909a-4c09-8176-3c145d4304ec&envid=p-5_k5FlbubEyEQnUJw7C9Rw&zone=usa,medium,existing webflow 301; preserve target
https://www.favorintl.org/aciro,(existing 301 redirect),drop,https://host.nxt.blackbaud.com/donor-form?svcid=renxt&formId=974acd4e-c024-4e6f-b72e-0c26de8a5c23&envid=p-5_k5FlbubEyEQnUJw7C9Rw&zone=usa,medium,existing webflow 301; preserve target
https://www.favorintl.org/streetyouth,(existing 301 redirect),drop,https://k254.favorintl.org/,medium,existing webflow 301; preserve target
https://www.favorintl.org/ouma,(existing 301 redirect),drop,https://host.nxt.blackbaud.com/donor-form?svcid=renxt&formId=0a47400a-3ca5-45a3-aad6-63062cb5039e&envid=p-5_k5FlbubEyEQnUJw7C9Rw&zone=usa,medium,existing webflow 301; preserve target
https://www.favorintl.org/2025q1,(existing 301 redirect),drop,https://host.nxt.blackbaud.com/donor-form?svcid=renxt&formId=9daa2cfa-30c2-4841-98c1-db5d8e99e607&envid=p-5_k5FlbubEyEQnUJw7C9Rw&zone=usa,medium,existing webflow 301; preserve target
https://www.favorintl.org/brochure,(existing 301 redirect),drop,https://host.nxt.blackbaud.com/donor-form?svcid=renxt&formId=0b06855c-e23d-4133-8cdd-d390ab2e98ad&envid=p-5_k5FlbubEyEQnUJw7C9Rw&zone=usa,medium,existing webflow 301; preserve target
https://www.favorintl.org/oyera,(existing 301 redirect),drop,https://host.nxt.blackbaud.com/donor-form?svcid=renxt&formId=d668cd7b-0247-4308-b05f-063087a5cabc&envid=p-5_k5FlbubEyEQnUJw7C9Rw&zone=usa,medium,existing webflow 301; preserve target
https://www.favorintl.org/ragina,(existing 301 redirect),drop,https://host.nxt.blackbaud.com/donor-form?svcid=renxt&formId=5b7cbb05-4c8a-418a-886e-3f7882fb8912&envid=p-5_k5FlbubEyEQnUJw7C9Rw&zone=usa,medium,existing webflow 301; preserve target
https://www.favorintl.org/angelo,(existing 301 redirect),drop,https://host.nxt.blackbaud.com/donor-form?svcid=renxt&formId=0bc5f041-7c75-413b-ac3d-406b383274c0&envid=p-5_k5FlbubEyEQnUJw7C9Rw&zone=usa,medium,existing webflow 301; preserve target
https://www.favorintl.org/renew,(existing 301 redirect),drop,https://development.favorintl.org/renew,medium,existing webflow 301; preserve target
https://www.favorintl.org/barbara,(existing 301 redirect),drop,https://www.amazon.com/stores/author/B00A6SP9VG/about,medium,existing webflow 301; preserve target
https://www.favorintl.org/n25,(existing 301 redirect),drop,https://drive.google.com/file/d/18OBI4azM1FKJjpMj2WxmENahAc5bEb3a/view?ts=68418a03,medium,existing webflow 301; preserve target
https://www.favorintl.org/missionstation,(existing 301 redirect),drop,https://host.nxt.blackbaud.com/donor-form?svcid=renxt&formId=0592cd3d-49cd-46ea-8e14-abdb108b994a&envid=p-5_k5FlbubEyEQnUJw7C9Rw&zone=usa,medium,existing webflow 301; preserve target
https://www.favorintl.org/missionstations,(existing 301 redirect),drop,https://host.nxt.blackbaud.com/donor-form?svcid=renxt&formId=0592cd3d-49cd-46ea-8e14-abdb108b994a&envid=p-5_k5FlbubEyEQnUJw7C9Rw&zone=usa,medium,existing webflow 301; preserve target
https://www.favorintl.org/morton,(existing 301 redirect),drop,https://host.nxt.blackbaud.com/donor-form?svcid=renxt&formId=5e40905a-f457-4fd7-9cd8-5c73604ecf0f&envid=p-5_k5FlbubEyEQnUJw7C9Rw&zone=usa,medium,existing webflow 301; preserve target
https://www.favorintl.org/milliron,(existing 301 redirect),drop,https://host.nxt.blackbaud.com/donor-form?svcid=renxt&formId=288192e1-6387-4255-b4be-5dad05e6a313&envid=p-5_k5FlbubEyEQnUJw7C9Rw&zone=usa,medium,existing webflow 301; preserve target
https://www.favorintl.org/claiborne,(existing 301 redirect),drop,https://host.nxt.blackbaud.com/donor-form?svcid=renxt&formId=3a24bfb9-3d13-442e-814c-142093b5ebdb&envid=p-5_k5FlbubEyEQnUJw7C9Rw&zone=usa,medium,existing webflow 301; preserve target
https://www.favorintl.org/q225report,(existing 301 redirect),drop,https://host.nxt.blackbaud.com/donor-form?svcid=renxt&formId=51024e09-5d69-4a28-88a4-91b6b4a3ae96&envid=p-5_k5FlbubEyEQnUJw7C9Rw&zone=usa,medium,existing webflow 301; preserve target
https://www.favorintl.org/disclosure,(existing 301 redirect),drop,https://cdn.prod.website-files.com/62cda51656823c41dd1caeeb/68123ef2eee23f2624901244_Favor%20International%20Disclosure%20Statement.pdf,medium,existing webflow 301; preserve target
https://www.favorintl.org/disclosures,(existing 301 redirect),drop,https://cdn.prod.website-files.com/62cda51656823c41dd1caeeb/68123ef2eee23f2624901244_Favor%20International%20Disclosure%20Statement.pdf,medium,existing webflow 301; preserve target
https://www.favorintl.org/alhadi,(existing 301 redirect),drop,https://host.nxt.blackbaud.com/donor-form?svcid=renxt&formId=346761e8-c963-4e73-97ed-0f997a994292&envid=p-5_k5FlbubEyEQnUJw7C9Rw&zone=usa,medium,existing webflow 301; preserve target
https://www.favorintl.org/k25a-sp1a,(existing 301 redirect),drop,https://host.nxt.blackbaud.com/donor-form?svcid=renxt&formId=550fc5ee-fbd7-419d-be51-617697f7cdc5&envid=p-5_k5FlbubEyEQnUJw7C9Rw&zone=usa,medium,existing webflow 301; preserve target
https://www.favorintl.org/k25a-sp1b,(existing 301 redirect),drop,https://host.nxt.blackbaud.com/donor-form?svcid=renxt&formId=a3e9578c-ed4e-4c02-94ca-6618b9d9a70d&envid=p-5_k5FlbubEyEQnUJw7C9Rw&zone=usa,medium,existing webflow 301; preserve target
https://www.favorintl.org/k25a-sw3a,(existing 301 redirect),drop,https://host.nxt.blackbaud.com/donor-form?svcid=renxt&formId=be128f48-47fa-486a-af0d-419a02dd3837&envid=p-5_k5FlbubEyEQnUJw7C9Rw&zone=usa,medium,existing webflow 301; preserve target
https://www.favorintl.org/k25a-sw3b,(existing 301 redirect),drop,https://host.nxt.blackbaud.com/donor-form?svcid=renxt&formId=cee0107d-68a8-4d8f-add2-fed8dc339c90&envid=p-5_k5FlbubEyEQnUJw7C9Rw&zone=usa,medium,existing webflow 301; preserve target
https://www.favorintl.org/k25a-sd1a,(existing 301 redirect),drop,https://host.nxt.blackbaud.com/donor-form?svcid=renxt&formId=25374119-f23d-41f1-bfc7-4bc6586b2175&envid=p-5_k5FlbubEyEQnUJw7C9Rw&zone=usa,medium,existing webflow 301; preserve target
https://www.favorintl.org/k25a-sd1b,(existing 301 redirect),drop,https://host.nxt.blackbaud.com/donor-form?svcid=renxt&formId=87507e07-75a8-447a-b54d-513c0ee45f0d&envid=p-5_k5FlbubEyEQnUJw7C9Rw&zone=usa,medium,existing webflow 301; preserve target
https://www.favorintl.org/opiyo,(existing 301 redirect),drop,https://host.nxt.blackbaud.com/donor-form?svcid=renxt&formId=065ee777-c183-4fc1-aee2-b3d6e126c507&envid=p-5_k5FlbubEyEQnUJw7C9Rw&zone=usa,medium,existing webflow 301; preserve target
https://www.favorintl.org/wells,(existing 301 redirect),drop,https://host.nxt.blackbaud.com/donor-form?svcid=renxt&formId=c022d6cb-ace6-4d01-8120-f84ea230b91b&envid=p-5_k5FlbubEyEQnUJw7C9Rw&zone=usa,medium,existing webflow 301; preserve target
https://www.favorintl.org/k25a-1w3a,(existing 301 redirect),drop,https://host.nxt.blackbaud.com/donor-form?svcid=renxt&formId=be128f48-47fa-486a-af0d-419a02dd3837&envid=p-5_k5FlbubEyEQnUJw7C9Rw&zone=usa,medium,existing webflow 301; preserve target
https://www.favorintl.org/k25a-1w3b,(existing 301 redirect),drop,https://host.nxt.blackbaud.com/donor-form?svcid=renxt&formId=cee0107d-68a8-4d8f-add2-fed8dc339c90&envid=p-5_k5FlbubEyEQnUJw7C9Rw&zone=usa,medium,existing webflow 301; preserve target
https://www.favorintl.org/k25a-2w3a,(existing 301 redirect),drop,https://host.nxt.blackbaud.com/donor-form?svcid=renxt&formId=bae8b23e-05a3-4e2d-8f43-dfb839c32172&envid=p-5_k5FlbubEyEQnUJw7C9Rw&zone=usa,medium,existing webflow 301; preserve target
https://www.favorintl.org/k25a-2w3b,(existing 301 redirect),drop,https://host.nxt.blackbaud.com/donor-form?svcid=renxt&formId=2a77fec6-8c13-425a-80a7-0317b291431d&envid=p-5_k5FlbubEyEQnUJw7C9Rw&zone=usa,medium,existing webflow 301; preserve target
https://www.favorintl.org/dash/marketing,(existing 301 redirect),drop,https://script.google.com/a/macros/favorintl.org/s/AKfycby1Xk5on6DI7UzHrBDNsqDOXueMGF_QCUqHGb3vv9g/exec,medium,existing webflow 301; preserve target
https://www.favorintl.org/cutsinger,(existing 301 redirect),drop,https://host.nxt.blackbaud.com/donor-form?svcid=renxt&formId=95d44ae3-c05d-4a4d-96d4-0e3e34d9c8af&envid=p-5_k5FlbubEyEQnUJw7C9Rw&zone=usa,medium,existing webflow 301; preserve target
https://www.favorintl.org/carr,(existing 301 redirect),drop,https://host.nxt.blackbaud.com/donor-form?svcid=renxt&formId=13c64792-9c9e-41ea-956e-88bdd3d98fa0&envid=p-5_k5FlbubEyEQnUJw7C9Rw&zone=usa,medium,existing webflow 301; preserve target
https://www.favorintl.org/brown,(existing 301 redirect),drop,https://host.nxt.blackbaud.com/donor-form?svcid=renxt&formId=a9a76b90-be5f-4792-b67a-6464af9da55a&envid=p-5_k5FlbubEyEQnUJw7C9Rw&zone=usa,medium,existing webflow 301; preserve target
https://www.favorintl.org/simon,(existing 301 redirect),drop,https://host.nxt.blackbaud.com/donor-form?svcid=renxt&formId=0e86ad9b-e47e-4ac5-83a1-c4191a9573e7&envid=p-5_k5FlbubEyEQnUJw7C9Rw&zone=usa,medium,existing webflow 301; preserve target
https://www.favorintl.org/chadgift,(existing 301 redirect),drop,https://host.nxt.blackbaud.com/donor-form?svcid=renxt&formId=7765674a-4238-44eb-992e-d0857375a493&envid=p-5_k5FlbubEyEQnUJw7C9Rw&zone=usa,medium,existing webflow 301; preserve target
https://www.favorintl.org/sports,(existing 301 redirect),drop,https://host.nxt.blackbaud.com/donor-form?svcid=renxt&formId=c48892b2-85b6-471c-a9b7-466710fa9f32&envid=p-5_k5FlbubEyEQnUJw7C9Rw&zone=usa,medium,existing webflow 301; preserve target
https://www.favorintl.org/25q3,(existing 301 redirect),drop,https://host.nxt.blackbaud.com/donor-form?svcid=renxt&formId=a5db4994-bb48-4dc1-96ce-20ce1f9b677f&envid=p-5_k5FlbubEyEQnUJw7C9Rw&zone=usa,medium,existing webflow 301; preserve target
https://www.favorintl.org/medical,(existing 301 redirect),drop,https://host.nxt.blackbaud.com/donor-form?svcid=renxt&formId=fe47d3e3-240c-4459-95dd-f039578418c8&envid=p-5_k5FlbubEyEQnUJw7C9Rw&zone=usa,medium,existing webflow 301; preserve target
https://www.favorintl.org/transformation,(existing 301 redirect),drop,https://host.nxt.blackbaud.com/donor-form?svcid=renxt&formId=713df9f8-1761-4a40-b8c5-16c4efc81e3a&envid=p-5_k5FlbubEyEQnUJw7C9Rw&zone=usa,medium,existing webflow 301; preserve target
https://www.favorintl.org/james,(existing 301 redirect),drop,https://host.nxt.blackbaud.com/donor-form?svcid=renxt&formId=8536a18e-99aa-4ecc-908b-d2a014192ec6&envid=p-5_k5FlbubEyEQnUJw7C9Rw&zone=usa,medium,existing webflow 301; preserve target
https://www.favorintl.org/x25c,(existing 301 redirect),drop,https://host.nxt.blackbaud.com/donor-form?svcid=renxt&formId=8659980a-5742-43b8-88c4-923772f09041&envid=p-5_k5FlbubEyEQnUJw7C9Rw&zone=usa,medium,existing webflow 301; preserve target
https://www.favorintl.org/x25b,(existing 301 redirect),drop,https://host.nxt.blackbaud.com/donor-form?svcid=renxt&formId=792dc9a8-9ec3-4349-b2fb-ada7373ec796&envid=p-5_k5FlbubEyEQnUJw7C9Rw&zone=usa,medium,existing webflow 301; preserve target
https://www.favorintl.org/obang,(existing 301 redirect),drop,https://host.nxt.blackbaud.com/donor-form?svcid=renxt&formId=ad79453e-643a-4242-98c5-ee7ec65c4755&envid=p-5_k5FlbubEyEQnUJw7C9Rw&zone=usa,medium,existing webflow 301; preserve target
https://www.favorintl.org/christmas25,(existing 301 redirect),drop,https://host.nxt.blackbaud.com/donor-form?svcid=renxt&formId=c68c899a-72c3-412e-92f2-ad4cade232d0&envid=p-5_k5FlbubEyEQnUJw7C9Rw&zone=usa,medium,existing webflow 301; preserve target
https://www.favorintl.org/support2026,(existing 301 redirect),drop,https://host.nxt.blackbaud.com/donor-form?svcid=renxt&formId=d1a7b5e3-5b0a-4a34-ba44-0b228a323706&envid=p-5_k5FlbubEyEQnUJw7C9Rw&zone=usa,medium,existing webflow 301; preserve target
https://www.favorintl.org/2025report,(existing 301 redirect),drop,https://host.nxt.blackbaud.com/donor-form?svcid=renxt&formId=35ee5c2c-a15b-4f8e-9275-a3fdee965340&envid=p-5_k5FlbubEyEQnUJw7C9Rw&zone=usa,medium,existing webflow 301; preserve target
https://www.favorintl.org/goals,(existing 301 redirect),drop,https://script.google.com/a/macros/favorintl.org/s/AKfycbzmv2z-Lvyqx6vdzJxHxD9WZB8Nu3mBhcQj1EyTWjajVn0Nd8rVvUC_HNJ6gfopDZxFnw/exec,medium,existing webflow 301; preserve target
https://www.favorintl.org/goals/pc,(existing 301 redirect),drop,https://script.google.com/a/macros/favorintl.org/s/AKfycbzmv2z-Lvyqx6vdzJxHxD9WZB8Nu3mBhcQj1EyTWjajVn0Nd8rVvUC_HNJ6gfopDZxFnw/exec?team=PC,medium,existing webflow 301; preserve target
https://www.favorintl.org/goals/grants,(existing 301 redirect),drop,https://script.google.com/a/macros/favorintl.org/s/AKfycbzmv2z-Lvyqx6vdzJxHxD9WZB8Nu3mBhcQj1EyTWjajVn0Nd8rVvUC_HNJ6gfopDZxFnw/exec?team=Grants,medium,existing webflow 301; preserve target
https://www.favorintl.org/jackline,(existing 301 redirect),drop,https://host.nxt.blackbaud.com/donor-form?svcid=renxt&formId=bec2f360-d1b7-461d-9aeb-6a70f408506b&envid=p-5_k5FlbubEyEQnUJw7C9Rw&zone=usa,medium,existing webflow 301; preserve target
https://www.favorintl.org/celeste,(existing 301 redirect),drop,https://host.nxt.blackbaud.com/donor-form?svcid=renxt&formId=998719a9-9c61-4208-89fe-6f4552c86a92&envid=p-5_k5FlbubEyEQnUJw7C9Rw&zone=usa,medium,existing webflow 301; preserve target
https://www.favorintl.org/book2026,(existing 301 redirect),drop,https://host.nxt.blackbaud.com/donor-form?svcid=renxt&formId=dbde0bad-abaf-447e-927f-6f060ec03238&envid=p-5_k5FlbubEyEQnUJw7C9Rw&zone=usa,medium,existing webflow 301; preserve target
https://www.favorintl.org/makeach,(existing 301 redirect),drop,https://host.nxt.blackbaud.com/donor-form?svcid=renxt&formId=d26eb73d-be5d-4c25-a29b-17c3f6b52415&envid=p-5_k5FlbubEyEQnUJw7C9Rw&zone=usa,medium,existing webflow 301; preserve target
https://www.favorintl.org/morris,(existing 301 redirect),drop,https://host.nxt.blackbaud.com/donor-form?svcid=renxt&formId=e8202b4c-8b98-4c7f-bcbb-332e2d25dff5&envid=p-5_k5FlbubEyEQnUJw7C9Rw&zone=usa,medium,existing webflow 301; preserve target
https://www.favorintl.org/spillane,(existing 301 redirect),drop,https://host.nxt.blackbaud.com/donor-form?svcid=renxt&formId=7619bebd-1cf9-4cfc-ae47-aa4101eb4173&envid=p-5_k5FlbubEyEQnUJw7C9Rw&zone=usa,medium,existing webflow 301; preserve target
https://www.favorintl.org/wilson,(existing 301 redirect),drop,https://host.nxt.blackbaud.com/donor-form?svcid=renxt&formId=5ec7f4a3-d7e2-4029-9dab-a3e47448488a&envid=p-5_k5FlbubEyEQnUJw7C9Rw&zone=usa,medium,existing webflow 301; preserve target
https://www.favorintl.org/recurring,(existing 301 redirect),drop,https://host.nxt.blackbaud.com/donor-form?svcid=renxt&formId=d0b63fb3-e129-4e07-828c-b210eb467d0b&envid=p-5_k5FlbubEyEQnUJw7C9Rw&zone=usa,medium,existing webflow 301; preserve target
https://www.favorintl.org/goals/directors,(existing 301 redirect),drop,https://script.google.com/a/macros/favorintl.org/s/AKfycbzmv2z-Lvyqx6vdzJxHxD9WZB8Nu3mBhcQj1EyTWjajVn0Nd8rVvUC_HNJ6gfopDZxFnw/exec?team=Directors,medium,existing webflow 301; preserve target
https://www.favorintl.org/goals/rdds,(existing 301 redirect),drop,https://script.google.com/a/macros/favorintl.org/s/AKfycbzmv2z-Lvyqx6vdzJxHxD9WZB8Nu3mBhcQj1EyTWjajVn0Nd8rVvUC_HNJ6gfopDZxFnw/exec?team=Directors,medium,existing webflow 301; preserve target
https://www.favorintl.org/john,(existing 301 redirect),drop,https://host.nxt.blackbaud.com/donor-form?svcid=renxt&formId=110db917-e82d-4eb0-b1e9-62d0f82e5ca9&envid=p-5_k5FlbubEyEQnUJw7C9Rw&zone=usa,medium,existing webflow 301; preserve target
https://www.favorintl.org/maria,(existing 301 redirect),drop,https://host.nxt.blackbaud.com/donor-form?svcid=renxt&formId=36be4ad8-32f9-499f-b6d5-ceddb2867775&envid=p-5_k5FlbubEyEQnUJw7C9Rw&zone=usa,medium,existing webflow 301; preserve target
https://www.favorintl.org/rev,(existing 301 redirect),drop,https://script.google.com/a/macros/favorintl.org/s/AKfycbxtd-S8_JJNHq5BcqZ4fGoQO_cAGVDhmJN0GYpoUVvBMCzqsxHfeSy9lzphvfCJKyfo9Q/exec?team=Directors,medium,existing webflow 301; preserve target
https://www.favorintl.org/rev/directors,(existing 301 redirect),drop,https://script.google.com/a/macros/favorintl.org/s/AKfycbxtd-S8_JJNHq5BcqZ4fGoQO_cAGVDhmJN0GYpoUVvBMCzqsxHfeSy9lzphvfCJKyfo9Q/exec?team=Directors,medium,existing webflow 301; preserve target
https://www.favorintl.org/rev/pc,(existing 301 redirect),drop,https://script.google.com/a/macros/favorintl.org/s/AKfycbxtd-S8_JJNHq5BcqZ4fGoQO_cAGVDhmJN0GYpoUVvBMCzqsxHfeSy9lzphvfCJKyfo9Q/exec?team=PC,medium,existing webflow 301; preserve target
https://www.favorintl.org/rev/grants,(existing 301 redirect),drop,https://script.google.com/a/macros/favorintl.org/s/AKfycbxtd-S8_JJNHq5BcqZ4fGoQO_cAGVDhmJN0GYpoUVvBMCzqsxHfeSy9lzphvfCJKyfo9Q/exec?team=Grants,medium,existing webflow 301; preserve target
https://www.favorintl.org/q264,(existing 301 redirect),drop,https://host.nxt.blackbaud.com/donor-form?svcid=renxt&formId=064b1106-a496-4909-9e90-5b818fd54265&envid=p-5_k5FlbubEyEQnUJw7C9Rw&zone=usa,medium,existing webflow 301; preserve target
https://www.favorintl.org/rebecca,(existing 301 redirect),drop,https://host.nxt.blackbaud.com/donor-form?svcid=renxt&formId=03cf55a5-ab18-4257-93c0-abbfbb8df25e&envid=p-5_k5FlbubEyEQnUJw7C9Rw&zone=usa,medium,existing webflow 301; preserve target
https://www.favorintl.org/felicite,(existing 301 redirect),drop,https://host.nxt.blackbaud.com/donor-form?svcid=renxt&formId=f4a533f1-9783-4ba7-ba93-579a406ee9f6&envid=p-5_k5FlbubEyEQnUJw7C9Rw&zone=usa,medium,existing webflow 301; preserve target
https://www.favorintl.org/brady,(existing 301 redirect),drop,https://host.nxt.blackbaud.com/donor-form?svcid=renxt&formId=b2c7d8b1-0b8d-4f25-a286-be412158367e&envid=p-5_k5FlbubEyEQnUJw7C9Rw&zone=usa,medium,existing webflow 301; preserve target
